Product type,SKU,Price,Availability,Number of products sold,Revenue generated,Customer demographics,Stock levels,Lead times,Order quantities,Shipping times,Shipping carriers,Shipping costs,Supplier name,Location,Lead time,Production volumes,Manufacturing lead time,Manufacturing costs,Inspection results,Defect rates,Transportation modes,Routes,Costs,Profit Margin,Price to Revenue Ratio,Lead Time Efficiency,Shipping Cost per Unit,Days in Inventory,Defect Rate per Production Volume,Revenue per Product Type,Average Shipping Time per Carrier,Manufacturing Cost per Unit,Stock Turnover Rate,Cost to Revenue Ratio
haircare,SKU0,69.80800554211577,55,802,8661.996792392383,Non-binary,58,7,96,4,Carrier B,2.956572139430807,supplier 3,mumbai,29,215,29,46.27987924050832,Pending,0.2264103608499251,Road,Route B,187.75207545920392,0.9946571350290553,0.00805911237503879,1.75,0.030797626452404237,0.6041666666666666,0.0010530714458136053,174455.3906054623,5.3023255813953485,0.21525525228143405,1.6551724137931034,0.021675380395442066
skincare,SKU1,14.84352327508434,95,736,7460.900065445849,Female,53,30,37,2,Carrier A,9.71657477143131,supplier 3,mumbai,23,517,30,33.61676895373,Pending,4.854068026388706,Road,Route B,503.0655791496692,0.9954942743289886,0.0019895083897223226,15.0,0.26261012895760294,1.4324324324324325,0.00938891301042303,241628.16213306322,6.142857142857143,0.06502276393371374,0.6981132075471698,0.06742692902154654
haircare,SKU2,11.319683293090566,34,8,9577.74962586873,Unknown,1,10,88,2,Carrier B,8.054479261732155,supplier 1,mumbai,12,971,27,30.688019348284204,Pending,4.580592619199229,Air,Route C,141.92028177151906,0.9967959050354168,0.0011818729592301112,5.0,0.09152817342877449,0.011363636363636364,0.004717397136147506,174455.3906054623,5.3023255813953485,0.03160455133705891,88.0,0.014817706383575095
skincare,SKU3,61.163343016437736,68,83,7766.836425685233,Non-binary,23,13,59,6,Carrier C,1.7295685635434288,supplier 5,kolkata,24,937,18,35.62474139712503,Fail,4.74664862064775,Rail,Route A,254.77615921928663,0.9954132236801959,0.007874936417376856,2.1666666666666665,0.029314721415990317,0.3898305084745763,0.0050657936186208645,241628.16213306322,6.0344827586206895,0.03802000149106193,2.5652173913043477,0.03280308033483644
skincare,SKU4,4.805496036345893,26,871,2686.505151567447,Non-binary,5,3,56,8,Carrier A,3.890547915870672,supplier 1,delhi,5,414,3,92.06516059871284,Fail,3.145579522833002,Air,Route A,923.4406317119222,0.965730510308161,0.0017887537023862088,0.375,0.069474069926262,0.08928571428571429,0.007598018171094207,241628.16213306322,6.142857142857143,0.2223796149727363,11.2,0.34373305823483674
haircare,SKU5,1.6999760138659377,87,147,2828.348745975759,Non-binary,90,27,66,3,Carrier B,4.444098864382293,supplier 4,bangalore,10,104,17,56.7664755574318,Fail,2.7791935115711617,Road,Route A,235.4612367355375,0.979929463918408,0.0006010489393448045,9.0,0.0673348312785196,1.3636363636363635,0.026723014534338094,174455.3906054623,5.3023255813953485,0.5458314957445365,0.7333333333333333,0.08325042556034057
skincare,SKU6,4.078332863107945,48,65,7823.476559531737,Male,11,15,58,8,Carrier C,3.880763302952003,supplier 3,kolkata,14,314,24,1.0850685695870688,Pending,1.0009106193041355,Sea,Route A,134.36909686103172,0.9998613060879866,0.0005212941883412568,1.875,0.06690971211986212,0.1896551724137931,0.0031876134372743167,241628.16213306322,6.0344827586206895,0.003455632387219964,5.2727272727272725,0.01717511337045205
cosmetics,SKU7,42.95838438246007,59,426,8496.103813089838,Female,93,17,11,1,Carrier B,2.3483387844177805,supplier 4,bangalore,22,564,1,99.46610860359912,Fail,0.3981771868506506,Road,Route C,802.0563118175586,0.9882927385550123,0.005056245230463714,17.0,0.21348534403798006,8.454545454545455,0.0007059879199479621,161521.26599948315,5.3023255813953485,0.17635834858794172,0.11827956989247312,0.0944028379904964
cosmetics,SKU8,68.71759674852733,78,150,7517.363210631127,Female,5,10,15,7,Carrier C,3.4047338570830266,supplier 4,mumbai,13,769,8,11.423027139565695,Pending,2.709862691109961,Sea,Route B,505.55713422546415,0.9984804476224575,0.009141183527137048,1.4285714285714286,0.22698225713886844,0.3333333333333333,0.003523878662041562,161521.26599948315,6.0344827586206895,0.014854391598915079,3.0,0.0672519233220633
skincare,SKU9,64.01573294127854,35,980,4971.145987585558,Unknown,14,27,83,1,Carrier A,7.166645291048216,supplier 2,chennai,29,963,23,47.95760163495158,Pending,3.844614478767585,Rail,Route B,995.9294614986416,0.9903528076313356,0.012877459865621534,27.0,0.08634512398853272,0.1686746987951807,0.003992330715231137,241628.16213306322,6.142857142857143,0.049800209382088866,5.928571428571429,0.20034202656405103
skincare,SKU10,15.707795681912138,11,996,2330.965802091949,Non-binary,51,13,80,2,Carrier C,8.673211211278613,supplier 5,kolkata,18,830,5,96.52735278531092,Pass,1.7273139283559424,Road,Route B,806.103177702923,0.9585891167091849,0.006738749949834106,6.5,0.10841514014098266,0.6375,0.0020811011185011357,241628.16213306322,6.0344827586206895,0.11629801540398907,1.5686274509803921,0.3458236826037848
skincare,SKU11,90.63545998228868,95,960,6099.944115581452,Female,46,23,60,1,Carrier A,4.523943124316663,supplier 2,kolkata,28,362,11,27.592363086663696,Pending,0.0211698213729943,Air,Route A,126.72303340940724,0.9954766203486712,0.01485840825176957,23.0,0.07539905207194438,0.7666666666666667,5.848016953865829e-05,241628.16213306322,6.142857142857143,0.07622199747697153,1.3043478260869565,0.02077445809474074
haircare,SKU12,71.21338907536008,41,336,2873.7414460214413,Unknown,100,30,85,4,Carrier A,1.325274010184522,supplier 4,kolkata,3,563,3,32.32128621342403,Fail,2.161253747555912,Road,Route B,402.9687890737706,0.9887528899796565,0.024780722418139476,7.5,0.015591458943347318,1.1764705882352942,0.0038388166031188492,174455.3906054623,6.142857142857143,0.05740903412686329,0.85,0.14022444142692858
skincare,SKU13,16.160393317379977,5,249,4052.738416237866,Male,80,8,48,9,Carrier A,9.537283061108338,supplier 5,bangalore,23,173,10,97.82905011017328,Pending,1.6310742300715386,Road,Route B,547.2410051609685,0.9758610006216519,0.00398752439896715,0.8888888888888888,0.19869339710642372,1.6666666666666667,0.00942817474029791,241628.16213306322,6.142857142857143,0.5654858387871288,0.6,0.13502993506029662
skincare,SKU14,99.1713286386242,26,562,8653.570926469802,Non-binary,54,29,78,5,Carrier B,2.039770189449332,supplier 1,kolkata,25,558,14,5.791436629862989,Pending,0.1006828515650937,Air,Route B,929.2352899608896,0.9993307460377834,0.011460162455625802,5.8,0.02615089986473503,0.6923076923076923,0.00018043521785859084,241628.16213306322,5.3023255813953485,0.010378918691510733,1.4444444444444444,0.10738171534695774
skincare,SKU15,36.98924492862691,94,469,5442.086785397673,Non-binary,9,8,69,7,Carrier B,2.4220397232752044,supplier 1,bangalore,14,580,7,97.12128175147431,Pass,2.264405761198549,Sea,Route B,127.8618000016254,0.9821536690645816,0.0067968862657385885,1.1428571428571428,0.03510202497500296,0.13043478260869565,0.0039041478641354296,241628.16213306322,5.3023255813953485,0.167450485778404,7.666666666666667,0.02349499466724915
skincare,SKU16,7.547172109791272,74,280,6453.797968176285,Female,2,5,78,1,Carrier B,4.191324585705502,supplier 1,bangalore,3,399,21,77.10634249785001,Pass,1.012563089258049,Air,Route A,865.5257797712403,0.9880525633312257,0.0011694156134118888,5.0,0.05373493058596797,0.02564102564102564,0.002537752103403632,241628.16213306322,5.3023255813953485,0.1932489786913534,39.0,0.1341110744462645
cosmetics,SKU17,81.46253436923702,82,126,2629.396434845262,Female,45,17,85,9,Carrier C,3.585418958232342,supplier 1,chennai,7,453,16,47.679680368355335,Fail,0.1020207549181761,Air,Route C,670.9343907924103,0.9818666825068691,0.030981457679671278,1.8888888888888888,0.04218139950861579,0.5294117647058824,0.0002252113795103225,161521.26599948315,6.0344827586206895,0.10525315754603827,1.8888888888888888,0.255166692211589
haircare,SKU18,36.443627770460935,23,620,9364.673505076173,Unknown,10,10,46,8,Carrier C,4.339224714110709,supplier 2,kolkata,18,374,17,27.10798085484392,Pending,2.231939110729264,Sea,Route A,593.4802587206518,0.9971052935438539,0.0038916068724346308,1.25,0.09433097204588498,0.21739130434782608,0.0059677516329659465,174455.3906054623,6.0344827586206895,0.072481232232203,4.6,0.06337436733901643
skincare,SKU19,51.12387008796474,100,187,2553.495584991215,Unknown,48,11,94,3,Carrier A,4.742635882841877,supplier 4,chennai,20,694,16,82.37332058799021,Fail,3.646450865417029,Road,Route C,477.3076310909034,0.9677409582878626,0.02002113118521042,3.6666666666666665,0.050453573221722094,0.5106382978723404,0.005254251967459695,241628.16213306322,6.142857142857143,0.11869354551583604,1.9583333333333333,0.1869232255173629
skincare,SKU20,96.34107243996338,22,320,8128.027696851192,Unknown,27,12,68,6,Carrier A,8.87833465092684,supplier 1,chennai,29,309,6,65.68625960848863,Pass,4.231416573534539,Air,Route B,493.87121531620585,0.9919185487478179,0.011852945884680737,2.0,0.13056374486657119,0.39705882352941174,0.013693904768720191,241628.16213306322,6.142857142857143,0.2125768919368564,2.5185185185185186,0.06076150743279728
cosmetics,SKU21,84.89386898495083,60,601,7087.052696357437,Unknown,69,25,7,6,Carrier B,6.037883769218298,supplier 5,chennai,19,791,4,61.73572895416093,Pending,0.0186075676310149,Air,Route C,523.360914720158,0.9912889417365429,0.011978726929543519,4.166666666666667,0.8625548241740425,9.857142857142858,2.3524105728210997e-05,161521.26599948315,5.3023255813953485,0.07804769779287096,0.10144927536231885,0.07384747047092681
haircare,SKU22,27.67978088650196,55,884,2390.8078665561734,Unknown,71,1,63,10,Carrier A,9.56764892092304,supplier 4,kolkata,22,780,28,50.12083961297735,Fail,2.591275473211116,Rail,Route C,205.57199582694707,0.9790360236328093,0.011577584829672303,0.1,0.1518674431892546,1.126984126984127,0.003322148042578354,174455.3906054623,6.142857142857143,0.06425748668330429,0.8873239436619719,0.08598432299918027
cosmetics,SKU23,4.324341185864164,30,391,8858.367571011484,Unknown,84,5,29,7,Carrier A,2.924857601145554,supplier 5,kolkata,11,568,29,98.60995724270389,Pending,1.342291562722734,Rail,Route A,196.32944611241268,0.9888681569767549,0.0004881645688326741,0.7142857142857143,0.10085715866019151,2.896551724137931,0.002363189370990729,161521.26599948315,6.142857142857143,0.17360907965264769,0.34523809523809523,0.02216316319441179
haircare,SKU24,4.156308359311108,32,209,9049.077860939897,Male,4,26,2,8,Carrier C,9.741291689284369,supplier 2,bangalore,28,447,3,40.382359702924816,Pending,3.691310292628728,Air,Route A,758.7247726029383,0.9955374060955721,0.0004593073927733236,3.25,4.870645844642184,2.0,0.008257964860466952,174455.3906054623,6.0344827586206895,0.09034084944725909,0.5,0.08384553478956719
haircare,SKU25,39.62934398509263,73,142,2174.777054350654,Male,82,11,52,3,Carrier C,2.231073681281728,supplier 4,kolkata,19,934,23,78.28038311841539,Pending,3.797231217114183,Road,Route B,458.535945739209,0.964005329667326,0.01822225588862725,3.6666666666666665,0.04290526310157169,1.5769230769230769,0.004065558048302123,174455.3906054623,6.0344827586206895,0.08381197336018778,0.6341463414634146,0.2108427366482947
haircare,SKU26,97.44694661789282,9,353,3716.493325894037,Male,59,16,48,4,Carrier B,6.507548621078551,supplier 2,bangalore,26,171,4,15.97222975718176,Pass,2.119319736724923,Rail,Route A,617.8669164583772,0.9957023386411331,0.026220132278712234,4.0,0.13557392960580314,1.2291666666666667,0.012393682670905981,174455.3906054623,5.3023255813953485,0.09340485238117988,0.8135593220338984,0.16624997336965314
cosmetics,SKU27,92.55736081240202,42,352,2686.457223575984,Unknown,47,9,62,8,Carrier C,7.406750952998074,supplier 5,mumbai,25,291,4,10.528245070042162,Fail,2.864667837883373,Sea,Route B,762.4591821556837,0.996080992849003,0.03445331643479419,1.125,0.11946372504835603,0.7580645161290323,0.009844219374169667,161521.26599948315,6.0344827586206895,0.03617953632316894,1.3191489361702127,0.2838158655438268
cosmetics,SKU28,2.397274705597141,12,394,6117.324615083992,Female,48,15,24,4,Carrier B,9.898140508069222,supplier 1,mumbai,13,171,7,59.42938181069157,Fail,0.815757079295672,Air,Route A,123.43702751182708,0.990285069773124,0.0003918828665207635,3.75,0.4124225211695509,2.0,0.004770509235647205,161521.26599948315,5.3023255813953485,0.34754024450696824,0.5,0.020178269959298584
cosmetics,SKU29,63.44755918520733,3,253,8318.903194617178,Female,45,5,67,7,Carrier B,8.100973145397031,supplier 1,kolkata,16,329,7,39.29287558606575,Pass,3.878098936588488,Road,Route B,764.9353759407081,0.995276675943111,0.007626913993453085,0.7142857142857143,0.12091004694622434,0.6716417910447762,0.011787534761667138,161521.26599948315,5.3023255813953485,0.11943123278439437,1.488888888888889,0.0919514698086241
haircare,SKU30,8.022859210526393,10,327,2766.342366866089,Male,60,26,35,7,Carrier B,8.954528315318015,supplier 4,kolkata,27,806,30,51.63489340010933,Pending,0.9653947053523932,Road,Route C,880.080988247161,0.981334597619381,0.002900168578777638,3.7142857142857144,0.25584366615194326,1.7142857142857142,0.0011977601803379568,174455.3906054623,5.3023255813953485,0.0640631431763143,0.5833333333333334,0.31813885323391117
skincare,SKU31,50.8473930517187,28,168,9655.135102719398,Male,6,17,44,4,Carrier B,2.6796609649814065,supplier 3,chennai,24,461,8,60.25114566159808,Pending,2.9890000066550746,Rail,Route C,609.3792066184267,0.9937596786559074,0.005266357488607008,4.25,0.06090138556775924,0.13636363636363635,0.006483731033958947,241628.16213306322,5.3023255813953485,0.13069662833318454,7.333333333333333,0.0631145188684924
skincare,SKU32,79.20993601565672,43,781,9571.55048732782,Unknown,89,13,64,4,Carrier C,6.599104901238584,supplier 3,kolkata,30,737,7,29.69246715374977,Pass,1.946036119386113,Road,Route A,761.1739095148776,0.9968978414528492,0.008275559547068795,3.25,0.10311101408185287,1.390625,0.0026404832013380095,241628.16213306322,6.0344827586206895,0.04028828650440946,0.7191011235955056,0.0795246193939663
cosmetics,SKU33,64.7954350001556,63,616,5149.9983504080365,Non-binary,4,17,95,9,Carrier C,4.85827050343664,supplier 5,chennai,1,251,23,23.853427512896133,Fail,3.541046012250923,Sea,Route A,371.255295519871,0.9953682650187634,0.012581641894122517,1.8888888888888888,0.05113968950985937,0.042105263157894736,0.014107753036856267,161521.26599948315,6.0344827586206895,0.09503357574859017,23.75,0.07208842998764385
skincare,SKU34,37.46759232984246,96,602,9061.710895507724,Unknown,1,26,21,7,Carrier A,1.019487570822119,supplier 1,chennai,4,452,10,10.754272815029331,Pass,0.6466045593720549,Road,Route B,510.3580004335235,0.998813218283055,0.004134715040226757,3.7142857142857144,0.04854702718200567,0.047619047619047616,0.0014305410605576436,241628.16213306322,6.142857142857143,0.02379263897130383,21.0,0.056320269573655206
cosmetics,SKU35,84.95778681635043,11,449,6541.329344802465,Female,42,27,85,8,Carrier C,5.288189990327409,supplier 1,delhi,3,367,2,58.004787044743765,Pass,0.5411540980605811,Sea,Route C,553.4204712303558,0.9911325689340452,0.012987847322479677,3.375,0.06221399988620482,0.49411764705882355,0.001474534327140548,161521.26599948315,6.0344827586206895,0.15805119085761243,2.0238095238095237,0.08460367030290049
skincare,SKU36,9.813002578754052,34,963,7573.402457848733,Female,18,23,28,3,Carrier B,2.107951267159081,supplier 2,delhi,26,671,19,45.531364237162144,Fail,3.8055333792433537,Air,Route C,403.8089742481805,0.9939879909339856,0.0012957191478163554,7.666666666666667,0.07528397382711004,0.6428571428571429,0.005671435736577278,241628.16213306322,5.3023255813953485,0.06785598246969023,1.5555555555555556,0.053319360286959404
skincare,SKU37,23.39984475261435,5,963,2438.339930470029,Female,25,8,21,9,Carrier A,1.5326552735904306,supplier 3,kolkata,24,867,15,34.34327746507538,Pending,2.610288084848113,Sea,Route A,183.9329680435944,0.9859153036720129,0.00959662943636561,0.8888888888888888,0.07298358445668718,1.1904761904761905,0.003010712900632195,241628.16213306322,6.142857142857143,0.039611623373789366,0.84,0.07543368574050231
cosmetics,SKU38,52.0759306827078,75,705,9692.318040218432,Non-binary,69,1,88,5,Carrier B,9.235931437249228,supplier 5,mumbai,10,841,12,5.930693645528318,Pending,0.6133268991645074,Air,Route B,339.6728699486061,0.9993881036898584,0.00537290774679678,0.2,0.10495376633237759,0.7840909090909091,0.0007292828765333026,161521.26599948315,5.3023255813953485,0.0070519543942072745,1.2753623188405796,0.03504557615001158
skincare,SKU39,19.127477265823256,26,176,1912.4656631007608,Female,78,29,34,3,Carrier A,5.562503778830384,supplier 2,kolkata,30,791,6,9.005807428781642,Fail,1.451972203996816,Air,Route B,653.6729945520332,0.9952909965378515,0.010001474868213359,9.666666666666666,0.1636030523185407,2.2941176470588234,0.0018356159342564045,241628.16213306322,6.142857142857143,0.01138534441059626,0.4358974358974359,0.3417959376547476
skincare,SKU40,80.54142417094033,97,933,5724.959350456265,Female,90,20,39,8,Carrier C,7.229595139736474,supplier 1,kolkata,18,793,1,88.17940710421746,Pending,4.213269430586566,Road,Route A,529.8087239806919,0.9845973741111035,0.014068470925391178,2.5,0.18537423435221728,2.3076923076923075,0.005313076205027196,241628.16213306322,6.0344827586206895,0.11119723468375468,0.43333333333333335,0.0925436656486421
skincare,SKU41,99.11329161531717,35,556,5521.205259010972,Female,64,19,38,8,Carrier B,5.773263743766654,supplier 4,chennai,18,892,7,95.3320645487725,Fail,0.0453022623982596,Sea,Route A,275.5243711313098,0.9827334684952738,0.017951386874008664,2.375,0.1519279932570172,1.6842105263157894,5.078728968414753e-05,241628.16213306322,5.3023255813953485,0.10687451182597812,0.59375,0.04990293934130339
skincare,SKU42,46.52916761451677,98,155,1839.609425856764,Female,22,27,57,4,Carrier C,7.526248326851508,supplier 5,bangalore,26,179,7,96.42282063957188,Fail,4.939255288620948,Road,Route A,635.6571205019919,0.9475851671097713,0.02529295999494386,6.75,0.13203944433072823,0.38596491228070173,0.027593604964362837,241628.16213306322,6.0344827586206895,0.5386749756400664,2.590909090909091,0.3455391734612071
haircare,SKU43,11.74327177630924,6,598,5737.425599119023,Unknown,36,29,85,9,Carrier B,3.6940212683884543,supplier 5,mumbai,1,206,23,26.27736595733241,Pending,0.3723047679850977,Air,Route A,716.0441197593407,0.995420007544609,0.0020467841496911803,3.2222222222222223,0.04345907374574652,0.4235294117647059,0.001807304698956785,174455.3906054623,5.3023255813953485,0.12756002891908938,2.361111111111111,0.12480233641187237
cosmetics,SKU44,51.35579091311039,34,919,7152.2860494355145,Female,13,19,72,6,Carrier C,7.577449657376693,supplier 2,delhi,7,834,18,22.554106620887744,Fail,2.962626320454882,Rail,Route A,610.4532696192277,0.9968465877252395,0.007180332352222348,3.1666666666666665,0.10524235635245408,0.18055555555555555,0.003552309736756453,161521.26599948315,6.0344827586206895,0.02704329331041696,5.538461538461538,0.08535079069822817
haircare,SKU45,33.78413803306551,1,24,5267.956807510521,Male,93,7,52,6,Carrier B,5.21515500871191,supplier 2,chennai,25,794,25,66.31254443999165,Pass,3.219604612084106,Rail,Route A,495.305697028474,0.9874120941262369,0.006413138768506891,1.1666666666666667,0.10029144247522903,1.7884615384615385,0.004054917647461091,174455.3906054623,5.3023255813953485,0.08351705848865448,0.5591397849462365,0.09402235347152375
haircare,SKU46,27.0822071998889,75,859,2556.767360633596,Non-binary,92,29,6,8,Carrier B,4.070955837084083,supplier 3,chennai,18,870,23,77.32235321105162,Pending,3.6486105925362033,Road,Route B,380.4359371119643,0.9697577674052089,0.010592362690822844,3.625,0.6784926395140137,15.333333333333334,0.004193805278777245,174455.3906054623,5.3023255813953485,0.08887626805868003,0.06521739130434782,0.14879567964200227
skincare,SKU47,95.71213588093607,93,910,7089.474249934186,Male,4,15,51,9,Carrier B,8.97875075594997,supplier 1,kolkata,10,964,20,19.712992911293647,Pending,0.3805735867132137,Rail,Route A,581.6023550505868,0.9972193998854744,0.013500597153847424,1.6666666666666667,0.1760539363911759,0.0784313725490196,0.0003947858783332092,241628.16213306322,5.3023255813953485,0.0204491627710515,12.75,0.08203744516823458
haircare,SKU48,76.03554442689172,28,29,7397.07100458718,Non-binary,30,16,9,3,Carrier C,7.0958331565551385,supplier 2,mumbai,9,109,18,23.126363582464776,Fail,1.6981125407144038,Rail,Route B,768.65191395437,0.9968735782625145,0.01027914216042261,5.333333333333333,0.7884259062839043,3.3333333333333335,0.01557901413499453,174455.3906054623,6.0344827586206895,0.2121684732336218,0.3,0.10391301009246799
cosmetics,SKU49,78.89791320564004,19,99,8001.613206519002,Unknown,97,24,9,6,Carrier C,2.5056210329009154,supplier 5,delhi,28,177,28,14.147815443979216,Pass,2.825813985400132,Rail,Route A,336.8901685199779,0.9982318796124195,0.009860250823091653,4.0,0.2784023369889906,10.777777777777779,0.015965050764972497,161521.26599948315,6.0344827586206895,0.07993116070044755,0.09278350515463918,0.04210278100489909
cosmetics,SKU50,14.203484264803022,91,633,5910.885389668899,Female,31,23,82,10,Carrier A,6.247860914975991,supplier 2,delhi,20,306,21,45.17875792463452,Fail,4.754800804671185,Rail,Route B,496.24865029194046,0.992356685175524,0.002402936840837416,2.3,0.07619342579239013,0.3780487804878049,0.015538564721147664,161521.26599948315,6.142857142857143,0.14764299975370757,2.6451612903225805,0.08395504523895668
haircare,SKU51,26.70076097246173,61,154,9866.465457979695,Male,100,4,52,1,Carrier A,4.783000557947665,supplier 5,bangalore,18,673,28,14.19032834456998,Pending,1.7729511720835571,Road,Route A,694.9823175794459,0.9985617617164926,0.002706213393862031,4.0,0.09198077996053203,1.9230769230769231,0.0026343999585194014,174455.3906054623,6.142857142857143,0.021085183275735483,0.52,0.0704388334950654
skincare,SKU52,98.03182965646508,1,820,9435.76260891213,Male,64,11,11,1,Carrier B,8.631052179768947,supplier 1,mumbai,10,727,27,9.166849148597151,Pending,2.1224716191438247,Air,Route C,602.8984988383834,0.9990284993880686,0.010389391268054314,11.0,0.7846411072517224,5.818181818181818,0.0029194932863051233,241628.16213306322,5.3023255813953485,0.012609146009074486,0.171875,0.06389504736680662
skincare,SKU53,30.34147071121421,93,242,8232.334829425821,Male,96,25,54,3,Carrier B,1.0134865660958965,supplier 1,delhi,1,631,17,83.34405899167797,Pending,1.4103475760760271,Air,Route B,750.7378406682709,0.9898760120040585,0.003685645851376338,8.333333333333334,0.0187682697425166,1.7777777777777777,0.0022350991696925946,241628.16213306322,5.3023255813953485,0.13208250236399044,0.5625,0.09119379328265642
haircare,SKU54,31.146243160240854,11,622,6088.021479940859,Non-binary,33,22,61,3,Carrier B,4.305103471287636,supplier 1,kolkata,26,497,29,30.186023375822508,Pass,2.478771975539748,Road,Route B,814.0699965821875,0.9950417350734913,0.005115987724889469,7.333333333333333,0.07057546674242027,0.5409836065573771,0.004987468763661465,174455.3906054623,5.3023255813953485,0.060736465544914506,1.8484848484848484,0.13371667614255783
haircare,SKU55,79.85505834078943,16,701,2925.6751703038126,Male,97,11,11,5,Carrier A,5.014364955030907,supplier 2,delhi,27,918,5,30.3235452566165,Fail,4.548919659396385,Sea,Route B,323.01292795247883,0.9896353684221658,0.027294574309319853,2.2,0.4558513595482643,8.818181818181818,0.004955250173634407,174455.3906054623,6.142857142857143,0.03303218437539924,0.1134020618556701,0.11040628543835782
skincare,SKU56,20.986386037043378,90,93,4767.020484344137,Non-binary,25,23,83,5,Carrier C,1.7744297140717396,supplier 1,mumbai,24,826,28,12.836284572832753,Pass,1.173755495387454,Air,Route B,832.2108087060217,0.9973072730408881,0.004402411549513355,4.6,0.02137867125387638,0.30120481927710846,0.0014210114956264576,241628.16213306322,6.0344827586206895,0.015540296093017861,3.32,0.17457672175715858
haircare,SKU57,49.26320535073416,65,227,1605.8669003924058,Unknown,5,18,51,1,Carrier B,9.16055853538187,supplier 2,delhi,21,588,25,67.77962298707814,Pending,2.511174830212707,Rail,Route A,482.1912386025281,0.9577925026224057,0.030677016469233112,18.0,0.17961879481140922,0.09803921568627451,0.004270705493559026,174455.3906054623,5.3023255813953485,0.11527146766509888,10.2,0.3002684957792585
skincare,SKU58,59.84156137728931,81,896,2021.149810337108,Non-binary,10,5,44,7,Carrier A,4.93843856471209,supplier 3,delhi,18,396,7,65.04741509469146,Fail,1.7303747198591968,Road,Route B,110.36433523136472,0.9678166285537032,0.029607682256521262,0.7142857142857143,0.11223724010709296,0.22727272727272727,0.004369633130957567,241628.16213306322,6.142857142857143,0.16426114922901883,4.4,0.054604727797469416
cosmetics,SKU59,63.828398347710966,30,484,1061.618523013288,Non-binary,100,16,26,7,Carrier B,7.293722596867728,supplier 1,kolkata,11,176,4,1.900762243519458,Fail,0.4471940154638232,Air,Route A,312.5742736100933,0.9982095619072995,0.060123666801273436,2.2857142857142856,0.28052779218722035,3.8461538461538463,0.002540875087862632,161521.26599948315,5.3023255813953485,0.010799785474542375,0.26,0.29443181974904264
skincare,SKU60,17.028027920188702,16,380,8864.084349586436,Female,41,27,72,8,Carrier C,4.3813681581023145,supplier 4,mumbai,29,929,24,87.21305781513568,Fail,2.853090616649054,Rail,Route A,430.1690969751365,0.9901610753716255,0.0019210137503918455,3.375,0.06085233552919881,0.5694444444444444,0.003071141675617927,241628.16213306322,6.0344827586206895,0.09387842606580805,1.7560975609756098,0.048529445344820815
haircare,SKU61,52.02874990329492,23,117,6885.589350896253,Unknown,32,23,36,7,Carrier C,9.030340422521949,supplier 4,kolkata,14,480,12,78.7023939688789,Fail,4.367470538205053,Air,Route A,164.36652824341942,0.9885699843603606,0.007556179616857731,3.2857142857142856,0.25084278951449857,0.8888888888888888,0.009098896954593861,174455.3906054623,6.0344827586206895,0.1639633207684977,1.125,0.0238710907472321
cosmetics,SKU62,72.79635395558736,89,270,3899.746833729224,Unknown,86,2,40,7,Carrier C,7.291701388776776,supplier 2,mumbai,13,751,14,21.048642725168644,Pass,1.8740014040443749,Sea,Route C,320.8465157591116,0.9946025617501328,0.018666943537453726,0.2857142857142857,0.1822925347194194,2.15,0.0024953414168367174,161521.26599948315,6.0344827586206895,0.028027486984245866,0.46511627906976744,0.08227367812291923
skincare,SKU63,13.017376785287857,55,246,4256.949140850225,Non-binary,54,19,10,4,Carrier A,2.45793352798733,supplier 3,bangalore,18,736,10,20.075003975630484,Pending,3.6328432903821337,Sea,Route A,687.2861778664173,0.995284180451444,0.00305791221707853,4.75,0.245793352798733,5.4,0.004935928383671378,241628.16213306322,6.142857142857143,0.027275820619063158,0.18518518518518517,0.16145040852640963
skincare,SKU64,89.63409560813533,11,134,8458.730878367178,Female,73,27,75,6,Carrier C,4.585353468194652,supplier 1,delhi,17,328,6,8.693042425877287,Fail,0.1594863147175146,Air,Route C,771.2250846811575,0.9989722994441035,0.01059663641000454,4.5,0.06113804624259536,0.9733333333333334,0.00048623876438266643,241628.16213306322,6.0344827586206895,0.026503178127674658,1.0273972602739727,0.09117503509344774
skincare,SKU65,33.69771720664313,72,457,8354.579686481995,Male,57,24,54,8,Carrier C,6.580541347884595,supplier 5,kolkata,16,358,21,1.5972227430506774,Fail,4.911095954842331,Rail,Route C,555.8591036717435,0.9998088206943989,0.004033442551414911,3.0,0.12186187681267768,1.0555555555555556,0.013718145125257908,241628.16213306322,6.0344827586206895,0.004461516042040998,0.9473684210526315,0.06653346123098726
skincare,SKU66,26.03486977396209,52,704,8367.721618020154,Female,13,17,19,8,Carrier A,2.2161427287713638,supplier 5,kolkata,24,867,28,42.08443673830996,Fail,3.4480632883402618,Road,Route A,393.8433485784279,0.9949706217941476,0.003111345114289554,2.125,0.11663909098796651,0.6842105263157895,0.0039770049461825396,241628.16213306322,6.142857142857143,0.048540296122618176,1.4615384615384615,0.04706697552297554
skincare,SKU67,87.75543235400107,16,513,9473.798032508335,Unknown,12,9,71,9,Carrier C,9.147811544710631,supplier 1,mumbai,10,198,11,7.057876146978231,Pass,0.1319554443118148,Sea,Route C,169.2718013847869,0.9992550109129664,0.009262962124892,1.0,0.12884241612268493,0.16901408450704225,0.0006664416379384586,241628.16213306322,6.0344827586206895,0.03564583912615268,5.916666666666667,0.01786736436685146
haircare,SKU68,37.93181238279032,29,163,3550.218432780992,Non-binary,0,8,58,8,Carrier B,1.1942518648849991,supplier 2,bangalore,2,375,18,97.1135815634622,Fail,1.98346787217418,Rail,Route A,299.7063031181032,0.9726457446486215,0.010684360160080968,1.0,0.02059054939456895,0.0,0.005289247659131147,174455.3906054623,5.3023255813953485,0.25896955083589923,inf,0.08441911639879981
skincare,SKU69,54.86552851706979,62,511,1752.3810874841247,Non-binary,95,1,27,3,Carrier B,9.705286790120349,supplier 4,kolkata,9,862,7,77.62776581274817,Pending,1.3623879886491086,Air,Route A,207.6632062085756,0.9557015500982167,0.031309130707316446,0.3333333333333333,0.35945506630075363,3.5185185185185186,0.0015804965065534902,241628.16213306322,5.3023255813953485,0.09005541277580993,0.28421052631578947,0.11850345092842533
haircare,SKU70,47.914541824058766,90,32,7014.887987203389,Female,10,12,22,4,Carrier B,6.315717754600723,supplier 1,bangalore,22,775,16,11.440781823761265,Pass,1.8305755986122316,Road,Route C,183.272898748711,0.9983690713458815,0.0068304072583147205,3.0,0.2870780797545783,0.45454545454545453,0.0023620330304673955,174455.3906054623,5.3023255813953485,0.01476229912743389,2.2,0.02612627586969867
cosmetics,SKU71,6.381533162747966,14,637,8180.337085425443,Female,76,2,26,6,Carrier A,9.228190317052515,supplier 2,bangalore,2,258,10,30.66167747785956,Pending,2.078750607874969,Road,Route A,405.1670678888559,0.9962517831285354,0.000780106381449448,0.3333333333333333,0.3549303968097121,2.923076923076923,0.00805717289874019,161521.26599948315,6.142857142857143,0.11884371115449442,0.34210526315789475,0.049529385361237105
cosmetics,SKU72,90.20442752052809,88,478,2633.121981312256,Non-binary,57,29,77,9,Carrier A,6.599614159689544,supplier 1,bangalore,21,152,11,55.76049289524421,Pending,3.213329607438309,Rail,Route B,677.9445698461833,0.9788234296432196,0.03425759541742664,3.2222222222222223,0.08570927480116292,0.7402597402597403,0.021140326364725716,161521.26599948315,6.142857142857143,0.3668453479950277,1.3508771929824561,0.2574679694513504
cosmetics,SKU73,83.8510176813046,41,375,7910.886916140686,Male,17,25,66,5,Carrier B,1.5129368369160772,supplier 4,chennai,13,444,4,46.87023879761716,Fail,4.620546064513706,Road,Route A,866.4728001296578,0.9940752232594822,0.010599445873789736,5.0,0.02292328540781935,0.25757575757575757,0.010406635280436276,161521.26599948315,5.3023255813953485,0.10556360089553415,3.8823529411764706,0.10952916017062285
haircare,SKU74,3.170011413566155,64,904,5709.945295969287,Female,41,6,1,5,Carrier A,5.237654650037448,supplier 4,delhi,1,919,9,80.58085215644782,Fail,0.3966127241099354,Rail,Route A,341.55265678322337,0.9858876314956414,0.0005551736924351798,1.2,5.237654650037448,41.0,0.0004315698847768612,174455.3906054623,6.142857142857143,0.08768319059461134,0.024390243902439025,0.05981715044176152
skincare,SKU75,92.99688423397066,29,106,1889.073589779335,Non-binary,16,20,56,10,Carrier C,2.473897761045461,supplier 1,chennai,25,759,11,48.06478264000659,Pass,2.030069088668752,Air,Route C,873.1296480176514,0.9745564265468234,0.049228830860333896,2.0,0.04417674573295466,0.2857142857142857,0.0026746628309206218,241628.16213306322,6.0344827586206895,0.06332645934124716,3.5,0.4621999125611845
haircare,SKU76,69.10879954743032,23,241,5328.375984297758,Male,38,1,22,10,Carrier A,7.054538336836926,supplier 2,bangalore,25,985,24,64.32359779560022,Pending,2.1800374515822165,Rail,Route A,997.4134501331946,0.9879281045509634,0.012969955526991282,0.1,0.32066083349258756,1.7272727272727273,0.002213235991454027,174455.3906054623,6.142857142857143,0.06530314497015251,0.5789473684210527,0.1871890146401984
haircare,SKU77,57.44974295897148,14,359,2483.7601775427947,Unknown,96,28,57,4,Carrier B,6.780946625617895,supplier 1,kolkata,26,334,5,42.95244474899184,Pass,3.055141818307548,Road,Route B,852.56809891985,0.9827066859605242,0.023130148988783208,7.0,0.11896397588803326,1.6842105263157894,0.009147131192537569,174455.3906054623,5.3023255813953485,0.12860013397901748,0.59375,0.3432570127456117
haircare,SKU78,6.306883176111915,50,946,1292.4584179377562,Unknown,5,4,51,5,Carrier B,8.46704977086199,supplier 5,mumbai,25,858,21,71.12651472040338,Pending,4.096881332470452,Sea,Route C,323.59220343132216,0.9449680440521309,0.004879757126867698,0.8,0.16602058374239198,0.09803921568627451,0.00477491996791428,174455.3906054623,5.3023255813953485,0.08289803580466594,10.2,0.2503695275145835
haircare,SKU79,57.05703122110322,56,198,7888.723268427081,Non-binary,31,25,20,1,Carrier B,6.4963253642950445,supplier 3,bangalore,5,228,12,57.87090292403628,Pending,0.1658716274806082,Air,Route C,351.50421933503867,0.9926640977310419,0.007232733267430197,25.0,0.32481626821475224,1.55,0.000727507138072843,174455.3906054623,5.3023255813953485,0.2538197496668258,0.6451612903225806,0.04455780832645743
skincare,SKU80,91.12831835044432,75,872,8651.672682982065,Unknown,39,14,41,2,Carrier C,2.8331846794189746,supplier 3,chennai,8,202,5,76.96122802382001,Fail,2.8496621985053308,Sea,Route B,787.7798504943445,0.9911044683676946,0.010533028893903338,7.0,0.06910206535168231,0.9512195121951219,0.014107238606462033,241628.16213306322,6.0344827586206895,0.3809961783357426,1.0512820512820513,0.09105520739867055
haircare,SKU81,72.81920693031822,9,774,4384.413400045863,Unknown,48,6,8,5,Carrier B,4.066277501512044,supplier 3,delhi,28,698,1,19.789592941903603,Pending,2.547547121548712,Rail,Route B,276.77833594679885,0.9954863761383229,0.01660865440506967,1.2,0.5082846876890055,6.0,0.00364978097643082,174455.3906054623,5.3023255813953485,0.028351852352297424,0.16666666666666666,0.0631277917232676
skincare,SKU82,17.034930739467917,13,336,2943.3818676094515,Unknown,42,19,72,1,Carrier A,4.70818187354193,supplier 2,mumbai,6,955,26,4.46527843494324,Pending,4.137877048622357,Road,Route C,589.9785556280407,0.9984829428746295,0.005787536753871255,19.0,0.06539141491030459,0.5833333333333334,0.004332855548295662,241628.16213306322,6.142857142857143,0.004675684225071456,1.7142857142857142,0.20044241018145836
haircare,SKU83,68.91124621160633,82,663,2411.754632110491,Unknown,65,24,7,8,Carrier B,4.949839577996949,supplier 1,bangalore,20,443,5,97.73059380053304,Fail,0.7730061340672478,Road,Route A,682.9710182260933,0.9594773894079721,0.02857307509400453,3.0,0.7071199397138498,9.285714285714286,0.0017449348398809205,174455.3906054623,5.3023255813953485,0.22061082122016487,0.1076923076923077,0.2831842879590265
haircare,SKU84,89.10436729210225,99,618,2048.2900998487103,Unknown,73,26,80,10,Carrier A,8.381615624922631,supplier 5,chennai,24,589,22,33.808636513209095,Pass,4.843456577118041,Air,Route B,465.457005963688,0.9834942147522432,0.043501829793877164,2.6,0.1047701953115329,0.9125,0.008223186039249646,174455.3906054623,6.142857142857143,0.057400061991866036,1.095890410958904,0.22724173982878076
cosmetics,SKU85,76.96299441519388,83,25,8684.613059253858,Female,15,18,66,2,Carrier C,8.249168704871728,supplier 5,chennai,4,211,2,69.9293455186723,Fail,1.3744289997457582,Road,Route B,842.6868300046415,0.9919479031430007,0.008861994643870314,9.0,0.1249874046192686,0.22727272727272727,0.00651388151538274,161521.26599948315,6.0344827586206895,0.33141869914062705,4.4,0.09703216761128115
skincare,SKU86,19.99817694040422,18,223,1229.5910285649834,Unknown,32,14,22,6,Carrier B,1.4543053101535517,supplier 1,mumbai,4,569,18,74.60896999519468,Pass,2.0515129307662465,Rail,Route A,264.2548898358665,0.9393221255995431,0.016264088201540846,2.3333333333333335,0.06610478682516144,1.4545454545454546,0.003605470880081277,241628.16213306322,5.3023255813953485,0.13112297011457766,0.6875,0.21491283174395798
haircare,SKU87,80.41403665035574,24,79,5133.846701086692,Male,5,7,55,10,Carrier A,6.575803797548535,supplier 3,chennai,27,523,17,28.69699682414317,Fail,3.693737787839276,Sea,Route B,879.3592177349243,0.9944102349573336,0.015663505619155776,0.7,0.11956006904633701,0.09090909090909091,0.00706259615265636,174455.3906054623,6.142857142857143,0.054869974807157114,11.0,0.17128661390469424
cosmetics,SKU88,75.27040697572501,58,737,9444.74203306298,Male,60,18,85,7,Carrier A,3.8012531329310777,supplier 2,mumbai,21,953,11,68.18491905704117,Pending,0.722204401882931,Sea,Route A,103.91624796070496,0.9927806478124709,0.007969556681614778,2.5714285714285716,0.0447206250933068,0.7058823529411765,0.0007578220376526034,161521.26599948315,6.142857142857143,0.07154765903152274,1.4166666666666667,0.011002550159329697
cosmetics,SKU89,97.76008558193868,10,134,5924.682566853231,Unknown,90,1,27,8,Carrier B,9.92981624527726,supplier 1,kolkata,23,370,11,46.60387338164447,Pending,1.9076657339590744,Rail,Route B,517.4999739290605,0.9921339459362128,0.016500476519852078,0.125,0.36777097204730597,3.3333333333333335,0.005155853335024526,161521.26599948315,5.3023255813953485,0.12595641454498505,0.3,0.08734644735640573
skincare,SKU90,13.881913501359142,56,320,9592.633570280312,Non-binary,66,18,96,7,Carrier B,7.674430708112694,supplier 3,bangalore,8,585,8,85.67596333579797,Pass,1.2193822244013883,Rail,Route B,990.0784725058112,0.9910685670720044,0.0014471431020119212,2.5714285714285716,0.07994198654284056,0.6875,0.002084414058805792,241628.16213306322,5.3023255813953485,0.14645463818085125,1.4545454545454546,0.10321237283296746
cosmetics,SKU91,62.11196546396179,90,916,1935.206793507599,Male,98,22,85,7,Carrier B,7.471514084401146,supplier 4,delhi,5,207,28,39.772882502339975,Pending,0.6260018582093946,Rail,Route B,996.7783149506238,0.9794477351796337,0.03209577688148907,3.142857142857143,0.087900165698837,1.1529411764705881,0.0030241635662289594,161521.26599948315,5.3023255813953485,0.19213952899681147,0.8673469387755102,0.5150758659460595
cosmetics,SKU92,47.71423307582023,44,276,2100.1297546259366,Male,90,25,10,8,Carrier B,4.469500026123601,supplier 2,mumbai,4,671,29,62.61269039561434,Pass,0.3334318252247392,Rail,Route B,230.0927825367629,0.9701862752728978,0.02271965956899593,3.125,0.4469500026123601,9.0,0.0004969177723170479,161521.26599948315,5.3023255813953485,0.0933125043153716,0.1111111111111111,0.10956122212446143
haircare,SKU93,69.29083100290549,88,114,4531.4021336919095,Unknown,63,17,66,1,Carrier C,7.0064320590043945,supplier 4,chennai,21,824,20,35.63365234334388,Fail,4.165781795424145,Air,Route A,823.5238458881558,0.9921362855707728,0.015291256206928507,17.0,0.10615806150006658,0.9545454545454546,0.005055560431339982,174455.3906054623,6.0344827586206895,0.04324472371765034,1.0476190476190477,0.18173709187385648
cosmetics,SKU94,3.037688724631414,97,987,7888.356546661873,Unknown,77,26,72,9,Carrier B,6.942945942032581,supplier 2,delhi,12,908,14,60.38737861486212,Pass,1.4636074984727798,Rail,Route B,846.6652569866948,0.9923447452891291,0.0003850851196523156,2.888888888888889,0.09642980475045251,1.0694444444444444,0.001611902531357687,161521.26599948315,5.3023255813953485,0.06650592358464992,0.935064935064935,0.10733100766660697
haircare,SKU95,77.90392721944775,65,672,7386.363944048664,Unknown,15,14,26,9,Carrier B,8.630338869602754,supplier 4,mumbai,18,450,26,58.89068576858998,Pending,1.2108821295850665,Air,Route A,778.8642413766479,0.9920271074896007,0.010546992784212379,1.5555555555555556,0.3319361103693367,0.5769230769230769,0.002690849176855703,174455.3906054623,5.3023255813953485,0.13086819059686663,1.7333333333333334,0.10544623136315857
cosmetics,SKU96,24.42313142037338,29,324,7698.424765632117,Non-binary,67,2,32,3,Carrier C,5.352878043996809,supplier 3,mumbai,28,648,28,17.80375633139127,Pending,3.872047681482133,Road,Route A,188.74214114905695,0.9976873507407812,0.0031724842631969266,0.6666666666666666,0.1672774388749003,2.09375,0.005975382224509464,161521.26599948315,6.0344827586206895,0.027474932610171712,0.47761194029850745,0.024516981966447696
haircare,SKU97,3.526111259143416,56,62,4370.916579984536,Male,46,19,4,9,Carrier A,7.904845611209675,supplier 4,mumbai,10,535,13,65.76515592636746,Fail,3.376237834717981,Road,Route A,540.1324228679678,0.9849539210545628,0.0008067212436151987,2.111111111111111,1.9762114028024187,11.5,0.006310724924706507,174455.3906054623,6.142857142857143,0.12292552509601394,0.08695652173913043,0.12357417786039712
skincare,SKU98,19.7546048668786,43,913,8525.952559683526,Female,53,1,27,7,Carrier B,1.409801095138073,supplier 5,chennai,28,581,9,5.604690864371781,Pending,2.908122169351261,Rail,Route A,882.1988635470415,0.999342631708875,0.002316996808109365,0.14285714285714285,0.05221485537548419,1.962962962962963,0.0050053737854582805,241628.16213306322,5.3023255813953485,0.009646627993755217,0.5094339622641509,0.1034721759676068
haircare,SKU99,68.51783269927664,17,627,9185.185829181704,Unknown,55,8,59,6,Carrier B,1.3110237561206226,supplier 2,chennai,29,921,2,38.07289852062604,Fail,0.3460272907055034,Rail,Route B,210.74300896424612,0.9958549669839377,0.007459602230538737,1.3333333333333333,0.022220741629163095,0.9322033898305084,0.0003757082418083642,174455.3906054623,5.3023255813953485,0.041338652031081474,1.0727272727272728,0.022943793722137566
